,0,1,gold_simple
2,proposed,are offering,1
4,our youth,adolescents,0
5,upper,high-end,0
6,reused,re-used,1
7,that people,folks,0
8,sentiment,feeling,1
9,the collapse,breakdown,1
13,laid off,dismiss,1
14,their education,educating,1
15,mother,mom 's,1
16,u.s,the united states government,0
17,jeopardy,a threat,1
18,return,comeback,0
19,their speeches,presentations,0
21,instigate,evoke,1
22,killer,kill,1
24,the legislative,legislature,1
25,two,both of,0
26,politician,policy makers,0
28,was identified,located,1
29,correspondents,communications,1
30,the procedure,proceedings,0
31,names,brands,0
32,gender,a gender perspective,0
33,route,path,1
34,lofty,impressive,1
38,bulk,a huge amount,1
40,updating,an updated version,0
42,our businesses,companies,1
43,erode,degrade,1
44,pictured,filmed,1
46,the appeal,proceedings,1
47,shores,coasts,0
48,the mob,crowds,1
49,performed,has been carried out,0
50,terminated,canned,1
51,plenty,a pile,1
52,douglas,doug,1
54,fungi,fungal,1
56,fuss,excitement,0
57,shade,complexion,0
58,weakens,decays,0
60,snacks,brownies,1
61,low-tech,low-skill,1
63,hustle,commotion,0
64,all other,additional,0
66,state,a nation,0
67,desert,abandonment,0
68,attract,arouse,0
69,dresses,clothes,1
70,not appropriate,inadequate,0
72,wounded,sustained injuries,0
73,realized,made possible,1
74,video,digital,0
75,remarkably,incredibly,1
77,this area,field,0
80,was falling,decreased,0
81,good enough,appropriate,0
82,supporting,promoting,0
83,list of speakers for,list,1
84,australians,australian,1
85,rushing,running,1
86,the living,beings,0
87,menus,menu,1
88,lawns,lands,1
90,policemen,an officer,0
92,spent,is using,0
93,relaxing,just relax,0
94,nineteenth-century,19th,1
95,make decisions,decides,1
96,billboards,a poster,1
97,something,anything else,0
100,unlock,be opened,1
101,fight back,battle,1
102,suspicious,shady,1
103,inhospitable,hostile,1
104,dictionnaire,dictionary,1
105,the stresses,pressure,1
106,older,old people,1
107,the crowds,audiences,0
109,noted that,highlighted,0
110,the boom,growth,1
111,hostility,hostile,1
112,move on,changing,0
113,that level,class,1
116,the cargo,freight,0
117,policing,police officers,1
118,toys,a game,1
120,buyers,a customer,0
121,volcano,mountain,1
123,martha,marta,1
124,techniques,methodological,0
125,would-be,aspiring,1
126,is here,arrives,0
127,walks,walking,1
128,passes,goes through,0
130,politician,political,1
131,impressive,flashy,1
132,144th,144,1
133,kidnappers,kidnap,1
135,panels,a committee,1
138,reduced,is low,1
140,marcus,marc,1
141,going away,go,1
143,public education,educational,1
144,volunteering,volunteer activities,1
145,small-town,small,1
146,takeover,buy-out,1
147,theme,the subjects,1
149,schemes,methods,1
150,threatening,be dangerous,1
151,relaxing,'s relaxing,0
152,one example,models,0
153,is released,distributing,0
154,overlooked,are ignored,1
155,lobbying,lobby groups,0
158,the smoke,cigarettes,0
159,man-made,human-made,0
160,supporting,brace,0
161,unaffordable,expensive,1
162,holiday,a vacation,1
163,progresses,'re moving on,1
164,transmission,broadcasting,1
165,too low,slight,0
166,the east,northeast,0
168,strangers,aliens,0
169,transmitting,distributing,1
171,got him,got,1
172,luggage,checked baggage,0
173,officer,each officer,1
175,is expected,anticipated,0
176,speak,saying that,1
178,kindle,flare,1
181,somewhat lower,fewer,1
183,videotaped,filmed,1
184,producing,be generated,0
185,thrilled,amazed,1
186,significantly,dramatically,1
187,lynne,lin,1
189,cesar,ceasar,1
190,sanitation,disinfection,1
192,to assist,supports,1
193,written,drew up,0
194,tie,knot,0
195,students,my children,1
196,jeopardy,distress,1
197,grade,designation,0
198,the protection of,secure,1
200,wish,want you to,0
203,hospitals,clinic,1
204,the instructions,directs,0
205,sought out,approached,1
206,my children,girls,1
207,our businesses,businessmen,1
209,the sample,specimens,0
210,picked,confiscated,0
211,corresponding,correspondents,1
212,handle,are responsible for,0
214,restricted,restrict,1
217,the building blocks,bases,1
218,food production,feed,1
219,mission,aims,0
220,occurrence,its existence,1
222,observers,observations,1
223,laid off,discarded,0
224,our businesses,businesspeople,0
226,recesses,cavities,1
227,triggered,precipitated,0
228,rear,hind,0
230,the requirements,necessity,1
231,remedy,medicine,1
232,subsidies,assistance,1
233,decreasing,are reduced,0
234,government,feds,0
235,pastries,brownies,1
237,its existence,exists,1
239,harness,be used,1
241,maturity,fruition,0
242,path,line,1
243,would-be,potential,0
244,instances,aspects,1
245,purchase,get them,1
246,not appropriate,inappropriate,0
248,preserves,be protected,0
249,solution,one option,0
250,ruler,governor,0
251,practically,nearly all,1
252,decreasing,be lowered,1
254,paulo,paolo,1
255,their education,instruction,0
256,foam,bubble,1
257,runner,run,1
258,time to time,continuing,0
259,upgrading,an update,1
260,hall,city hall,0
261,knocks,is striking,0
262,the building blocks,foundation,0
263,the smoke,smog,0
265,lavish,deluxe,1
266,suppression,proscription,1
267,golfer,golf,1
268,yes,sure you do,0
270,predicted,is expected,1
272,tracking down,tracking,1
273,hunting,chasing,1
274,workout,fitness,0
275,the protection of,guard,1
276,"well , sheriff",sheriff,1
277,forefront,firstly,1
278,will see,viewed,0
279,save her,rescued,0
281,holiday,festival,0
282,the mistrust,suspicion,1
283,sheltered,protected,1
284,journalism,a reporter,1
285,sheltered,shaded,0
286,yes .,sure,0
287,the games,entertainment,0
288,chapters,articles,1
289,steadfast,persistent,1
290,accumulations,accumulate,1
291,the executive,director,1
293,investments,incomes,1
294,difference,a gap,1
295,evaluated,being reviewed,1
299,very similar,similar,1
300,underwater,scuba,0
301,mr. davis,davis,0
303,makeshift,interim,0
304,grown-ups,adultes,0
305,others,another one,1
306,language,dialect,0
307,the land,soil,0
308,afterwards,afterward,1
309,her position,duty,1
310,sought out,explored,1
312,awareness of,appreciation,0
313,critique,critic,1
314,the 1970s,1972,1
315,nuisance,inconvenience,0
316,exposure,exposed,1
317,professionnelle,pro,1
318,not many,few,1
319,the elders,old,1
320,getting better,better,1
321,monday 's,monday,1
322,offenders,criminal offence,0
323,my glass,drink,1
324,have,has received,0
325,marco,marc,1
326,my children,babies,1
327,latches,catches,1
328,models,examples of this,0
330,weapon,the gun,1
331,laid off,dismissed,0
332,idea,a great idea,0
333,unlock,opening up,0
334,walsh,ms. walsh,0
335,the big,major,0
337,successful,fortunate,0
339,the studies,examination,0
340,measurement,gauges,0
341,grows,adding to,0
343,yes .,ok,1
344,revitalizing,energize,1
346,the failings,deficits,0
347,was saying,noted,0
348,institute,an institution,1
349,their communications,announcements,1
350,to happen,happens,1
351,article,an essay,0
352,radio broadcasts,broadcasting,1
353,servant,handyman,0
355,mounting,installation,1
356,jacqui,jackie,1
357,different countries,countries,1
359,split,a gap,1
360,reduce,cushion,0
361,placed,installation,0
363,public prosecutors,attorney,1
365,domain,area of,1
366,politics,political party,0
367,renee,rene,1
368,norms,a regulation,0
370,sicker,sick,1
371,returns,goes back,1
373,heading,headers,0
375,hurdles,a hard time,1
376,shows,models,0
378,the lawyer,prosecutors,0
379,headings,headers,1
380,pet,dog,1
381,remarkably,interestingly enough,0
382,full-range,full-fledged,1
383,expression,an opinion,1
384,was declared,proclaimed,0
385,new chapters,chapters,1
386,injured,getting hurt,1
387,the machines,computers,1
388,waiting,'il wait,0
389,philippines,filipino,1
390,several groups,batch,0
391,has created,formed,1
392,the freight,shipping,1
393,topics,the subjects,0
394,your chest,breast,0
395,would-be,possible,1
396,not many,little,1
397,6.5 percent,6.5,1
398,rescued,can be saved,1
399,is low,declines,0
400,push,hit it,0
401,to start,begin,1
402,lesser,least likely,0
403,passenger cars,auto,1
404,wonders,a miracle,0
405,the woods,forest,0
406,sleeves,envelopes,0
407,drew up,designed,0
408,having fun,enjoy,0
409,low-tech,crude,1
412,the games,match,0
413,the shells,ammunition,0
414,residential areas,residential,1
415,doing,do something,0
416,one example,instance,0
417,transmitting,disseminating,0
419,think tanks,tanks,1
420,absent,absence,0
422,the company 's,corporation,0
423,leaves,is leaving,0
424,tanks,fuel tanks,0
427,new equipment,machinery,1
428,to buy,purchasing,0
429,overlooked,be forgotten,1
430,the channel,canal,1
431,"oh , kate",kate,1
432,high-performance,high-end,1
433,hunting,hunt,1
434,going up,climbing,0
435,subdividing,dividing,1
436,wellington street,wellington,1
437,commanders,an officer,1
438,nuisance,disruptive,1
439,enemies,an opponent,0
440,coordinate,consolidate,0
441,increased,going up,1
442,good,getting better,0
443,another one,alternative,0
444,jeopardy,grave danger,1
445,noted that,indicated,0
446,shortfalls,a reduction,0
447,the responsibility,duty,1
448,scheme,rip-off,0
449,dividing,dispersed,0
450,unanimously,adopted unanimously,0
451,subsequently amended,modified,1
452,filmed,captured,0
454,reductions,lows,1
455,the collapse,ruin,1
456,actively,active part,0
457,scrambled,encoded,0
458,shady,shaded,1
459,productions,food production,1
460,options,a choice,1
461,fiery,ardent,1
462,fuss,complication,0
463,trigger,evoke,1
464,the sample,model,1
465,the 1970s,1974,1
466,seemingly,nearly,1
467,wizard,sorcerer,1
468,sumptuous,lavish,1
470,wood,the woods,1
471,era,dynasty,0
472,custody,arrest,1
473,shunned,is refused,1
474,wastes,the garbage,1
475,recreational,rec,1
476,lunchroom,cafeteria,0
477,grandson,grandchild,1
478,standards,accounting standards,0
479,the entrance,gates,1
480,unwise,not appropriate,1
481,unanimously,a consensus,1
482,operates,is using,1
483,xander,alexander,0
484,familiar,aware of,0
486,intended,destination,0
488,the 9th,ninth,1
489,paychecks,checks,1
490,vaccine,immunization,0
491,were built,erected,0
492,cancers,cancer screening,0
494,withdrawal,opt out,1
496,ideas,a great idea,0
497,were detected,observed,1
498,they all,every,1
499,that people,anyone,1
500,the living,life,1
503,gripped,grasped,1
504,self-employed,independent,1
505,plagued,afflicted,1
506,sensors,scanners,1
507,shaped,modeling,1
508,join,be one of them,0
509,defunct,absent,1
510,facial,face,1
512,zip,0,1
513,sculpt,carve,1
514,to assist,cooperate,1
516,the land,province,0
517,noted that,indicates,0
518,kindle,ignite,1
519,hungary,hungarian,1
521,told him,telling,1
523,observers,informants,0
524,restrictions,conditions,1
525,prohibited,outlaw,1
528,decisions,a choice,1
529,the figure,statistics,0
530,the instructions,statement,0
531,swim,go swimming,0
532,treasured,safeguarded,0
533,pre-screened,evaluated,1
535,pro,favours,0
536,return,back in,0
537,strikes,hit it,1
538,superior,enhanced,1
540,develop,be built,1
541,washing,bathing,1
542,the vehicles,automobile,1
543,surfing,browse,1
544,menus,listings,0
546,discussions,communications,0
547,made possible,achieved,0
548,was declared,claimed,1
549,the origin,sources,1
550,50th,50-year,1
551,talking,saying that,1
554,troubles,health problems,0
555,established,defined as,1
557,good enough,good,1
558,worries,is a problem,1
560,laid off,eliminated,0
561,until then,meantime,0
563,puberty,maturity,1
564,difficult,a hard time,1
565,the scores,points,1
566,to assist,aid,1
567,actively,activates,1
568,very recently,nowadays,0
569,the us defense department,pentagon,1
570,upgrades,an update,1
571,pretty soon,nearly,1
572,rise,are increasing,0
574,sudden,snap,1
575,problems,issue,0
576,sacred,consecrated,0
577,building,be built,0
578,pass,goes through,0
579,the lawyer,attorney,1
582,husbands,dads,1
583,most carefully,cautiously,0
584,trend,phenomena,0
586,want you to,insist,0
587,old people,elderly,0
588,receives,has received,0
590,meet us,join,0
591,calculus,arithmetic,1
592,the pieces,debris,0
594,permanently,indefinitely,0
595,left,going away,1
596,that people,individuals,0
597,the keys,solutions,0
599,the operation,operates,1
600,tracking down,track,1
601,was explained,interpreted,0
602,plagued,bedevilled,0
603,personal information,info,1
605,nearly all,most,1
606,defense,armed,1
608,offering,be offered,0
609,kidnap,abduct,0
610,sensors,sensing,1
612,judgment,critic,0
613,australians,australia 's,1
614,eighteen,18-year-old,0
615,the right direction,direction,1
616,expects,are expected,1
617,updating,to upgrade,0
618,the behavior,attitude,1
619,outlaw,banish,0
620,values,common values,0
621,leadership,an officer,1
622,historically,historical background,0
623,identified,defined as,1
625,alexandr,alexander,1
627,the feeling,sentiment,0
628,toolkits,kits,1
630,is applied,applies,1
631,treasure,hoard,0
632,philippine,filipino,1
634,tracks,the footsteps,1
635,latest,an update,0
636,rachel 's,rachel,1
637,views,an opinion,0
638,automotive,auto,1
639,coordinate,a coordination,0
640,the voices,opinions,1
641,physicians,nurses,1
642,to flee,escape,1
643,go down,drop,1
645,alexander,aleksandra,0
646,the district,region,1
647,the little,short,1
648,zone,places,1
649,very strong,stronger,0
651,musical,jazz,0
652,strictly,precisely,1
655,was saying,meant,1
657,lingua,language,1
658,marvellous,lavish,1
659,secretly,hidden,1
660,design,concept is,0
661,the strong,strengths,0
664,zone,the district,0
665,the studies,examining,1
666,residents,residential areas,1
667,the home,households,0
668,seemingly,evidently,1
669,kind of,generally,0
670,the bathtub,bathing,1
671,the boom,prosperity,0
673,grow up,ages,0
674,hometown,birthplace,0
675,malcom,malcolm,1
676,other,another one,0
677,websites,the site,1
679,respects,honors,0
680,stretches,spans,0
681,to start,began,1
682,community groups,community,1
683,pro-democracy,democracies,1
684,reused,re-use,1
685,real estate,assets,0
686,threatening,being challenged,1
687,publicizing,broadcasting,1
688,off,far off,1
689,katherine,catherine,1
690,congested,cluttered,1
691,functioning,being carried out,1
692,upholds,honors,1
694,the cargo,stock,0
695,ties,associates,1
697,progresses,is still under way,1
698,florida,fl,0
700,the goal,targets,0
701,the studies,review,0
702,community groups,association,0
703,the mediterranean sea,mediterranean,1
705,the studies,investigation,0
707,neighbor,a neighbour,1
708,increased,adding to,1
709,village,clan,0
710,to buy,shopping,0
711,chinook salmon,chinook,1
713,really hungry,hungry,1
714,very strong,robust,0
715,nails,fingernails,0
716,volunteering,voluntary participation,0
717,momma,mom 's,1
718,lax,careless,1
719,take them,adopt,0
720,secondly,afterward,1
721,prey,consumed,0
722,periods,long periods,1
723,pressure,particular pressure,0
724,van,the truck,0
725,their case,suit,0
726,house,dorm,0
728,the rich diversity,diversity,1
729,thirst,greed,0
730,microfilmed,filmed,1
731,economies,economic,1
732,instruction,direction,0
735,st.,lane,0
736,knack,gift,1
737,very excited,glad,1
738,the garbage,litter,0
739,hug,cuddle,0
740,usually,most cases,0
741,cancers,cancer cases,1
742,the legislative,congress,1
743,the pollutants,contamination,1
744,tracking down,locate,1
745,information resources,computers,1
746,principle,norm,1
748,playing,having fun,0
749,commander,a major,1
750,neglectful,lax,0
751,concerned about,cares,1
753,would-be,soon-to-be,1
758,very valuable,handy,1
759,values,treasures,1
760,our businesses,enterprise,0
761,skepticism,scepticism,1
762,preparing for,arrange,0
764,sensors,detectors,1
765,compatible,balanced,1
767,tides,flows,1
769,the games,matches,0
770,whiff,puff,1
771,throat,deep throat,1
772,that region,territory,0
773,liabilities,deficits,1
774,is here,coming,1
775,has decided,decides,1
776,make decisions,decided,1
779,nearly all,majority,0
780,cocoa,chocolate,1
781,been taken,arrested,0
782,stadium,gymnasium,0
783,deteriorated,degrade,1
785,trouble,is a problem,0
786,understands,defined as,0
787,counsels,attorney,1
788,recidivists,offenders,1
790,turkic,ottoman,1
791,well-established,full-fledged,1
792,dictionary,diccionario,0
794,guests,a customer,0
795,that level,degree,0
796,relieving,relaxing,1
797,carer,caregiver,0
798,that level,pace,1
799,threatening,menace,0
800,the agency,departments,1
801,childhood,a young age,1
805,the scores,outcomes,0
806,individually,certain individuals,1
807,lose your job,canned,0
808,is expected,anticipating,0
810,targeted,selective,1
811,the games,competition,0
812,has decided,chooses,1
813,independents,freelancers,0
814,unskilled,low-tech,1
815,offended,getting hurt,1
817,harmed,getting hurt,1
818,suspected,shady,1
819,proper,correctness,0
820,grow up,build,1
821,cut,canned,0
822,go down,fallen,0
823,the positions,locations,1
824,primary,elementary school,1
825,restrict,be reduced,0
826,batch,a lot,1
827,guard,custody,0
828,coming,'ve come,0
829,harmonise,coordinate,1
830,the opinions,positions,0
831,mechanism,formal mechanism,0
832,sand,land,1
833,the vicinity,surroundings,1
834,hostel,dorm,1
835,vegetable,these plants,1
837,this area,territory,0
838,producing,produce,1
839,unanimously,unanimous,1
840,weightlifting,lifting,1
842,irritated,angered,1
843,outlets,department stores,1
844,zip,postal code,0
846,impress,impact,0
847,cesar,caesar 's,1
848,exits,a way out,0
850,scriptures,religion,1
851,fight back,combating,0
852,presents,broadcasts,1
853,clinical,clinic,1
854,magnificent,lavish,1
855,fierce,cruel,1
856,toenails,nails,1
857,recognises,honors,1
859,might,it possible,0
860,observed,be followed,1
861,was declared,declares,1
862,the east,southeast,0
863,the boom,expansion,0
864,union,confederation,0
865,well-off,thriving,0
866,shooting,hunting,1
867,max,a maximum,0
868,proactively,actively,1
869,their full development,maturity,1
870,husbands,a man,1
871,rejected,opt out,0
872,internal use,internal,1
873,the united states,state,0
874,scale,a broader scale,0
875,freedom of press,freedom,1
876,alternative,all other,1
877,with us,together,1
878,town,the city,1
881,woodland,the woods,1
882,six,6th,0
884,rose,are increasing,1
888,marbled,marble,1
889,away,a long way,1
890,the substance,material,1
892,changed,'ve changed,0
894,spark,kindle,0
895,someone,a patient,0
896,chambers,cavities,1
897,take them,picked,1
900,the seat belt,belt,1
901,honors,acknowledgements,0
905,left,leave him,0
907,turned back,returned,0
908,lynne,lynn,1
909,facilities,a site,1
910,known,aware of,0
912,wear glasses,glasses,1
913,your skull,brains,1
914,wonders,called into question,0
915,sheriff,sherif,1
916,turned back,reversed,0
917,elementary school,elementary,0
918,us department of defense,pentagon,0
919,plains,meadows,1
922,surfing,browsing,1
924,teachers,profs,0
925,village,small towns,0
926,the vehicles,spacecraft,1
928,the sample,specimen,0
929,investors ',investments,1
930,produce,food production,0
931,puff,breath,1
932,high-level,high-calibre,0
934,ties,binds,0
935,saying that,asked,0
936,the customer,patrons,0
937,hungarian-speaking,hungarian,1
940,modified,as amended,0
941,1974,1973,1
942,slowed,'s slowing down,0
943,envelopes,enclosures,0
944,sleep,go to sleep,0
945,board,billboard,0
946,positions,an opinion,1
948,spark,evoke,0
949,sheriff,a town marshal,0
950,the prosecution 's,indictment,0
951,the woods,forests,1
953,evaluated,are assessed,0
954,the owner,landlords,0
955,vehicle,van,1
956,plagued,crippled,1
957,hometown,city,1
958,time to time,regular,1
959,strikingly,remarkably,1
960,the israeli tanks,tanks,1
961,that data,database,0
962,police officers,officer,1
963,the lawyer,prosecutor,0
964,long,a long way,0
965,functions well,functioning,1
966,with,accompanied by,0
967,zippers,closings,0
969,to act,action,0
971,smallest,relatively small,0
972,notices,can see,1
973,has come,arrive,0
974,succeeds,is to be successful,0
975,declared,announcements,1
976,dorm,bedroom,1
977,the executive,ceo,0
978,some form,mode,0
979,searches,finds,1
980,health problems,disorders,0
981,village,homes,1
982,packets,envelopes,0
983,views,the opinions,1
984,allies,allied forces,0
985,program guidelines,guides,1
987,self-employed people,independents,1
988,life sciences,biotechnology,0
989,leaving,leave him,0
990,useful to,handy,1
992,reads,a reading,1
993,time to time,ongoing,0
995,disquiet,discomfort,1
996,noted that,mentioned,1
997,motor vehicles,machines,1
1000,met,has reached,0
1004,researches,health researchers,0
1005,chief,a president,1
1006,property,a site,1
1007,the liberty,flexibility,1
1009,very considerably,dramatically,0
1010,tumors,cancers,1
1013,pleased,happiest,1
1014,threatening,intimidate,0
1015,murder,killer,1
1016,fudge,cocoa,1
1017,police officers,officers,1
1018,hit it,blow,0
1020,raven,crow,1
1021,super,a great idea,0
1023,supposedly,seemingly,0
1024,raises,are increasing,0
1026,kept,be preserved,0
1027,standards,rules and regulations,1
1028,who,people are,1
1029,tall,rather large,0
1030,very strong,significant,0
1032,loads,a huge amount,1
1033,shady,murky,0
1034,the positions,opinions,1
1036,the biotechnology industry,biotechnology,1
1037,old people,adults,0
1039,the shells,cartridges,0
1040,larger-scale,large-scale,1
1041,kelley,'kelly,1
1042,signpost,direction,1
1043,microfungi,fungal,1
1044,work in practice,functioning,0
1045,get dressed,changed,1
1046,well-off,better off,1
1047,picture,filming,0
1048,the ambition,greed,1
1049,dressing,dresses,1
1051,persons deprived of their liberty,custody,1
1052,the opportunities,potential,0
1053,farmland,farmers ',1
1054,to teach,teaching,1
1057,switches,changing,1
1058,robe,dresses,1
1059,basis,are based,1
1060,those investigations,researches,1
1063,prom,cotillion,0
1064,my mind,brains,1
1065,my mother,motherhood,0
1066,property,estate,0
1068,wear,have on,0
1069,shady,disreputable,0
1070,deficits,budget deficits,1
1071,full-scale,full-fledged,1
1072,rushing,hurrying,1
1074,determination,committed,1
1075,slab,marble,1
1076,was saying,suggested,0
1078,their education,educational,1
1079,wounded,'re wounded,0
1081,is a problem,challenge,0
1082,the stress,strains,1
1085,plains,plain,1
1086,slack,lax,0
1087,redhead,red,1
1088,improve,getting better,1
1089,fight back,combat,0
1090,typhoon,hurricane,1
1093,expects,count on,1
1094,heavily armed,armed,1
1095,the marshal,sheriff,1
1096,workaround,solution,1
1097,strap,harness,0
1100,such functions,functioning,1
1101,the funding,fund,1
1102,were thinking,imagined,0
1103,loading,downloading,1
1104,the behavior,act,0
1105,caregiver,attendant,0
1106,village,hamlet,0
1108,the year,1984,0
1109,just as well,equally,0
1112,the contaminants,contamination,1
1113,was identified,determined,0
1115,records,observes,0
1116,safeguarding,custody,1
1117,the footsteps,steps,1
1118,grownups,grown-ups,1
1119,great,a great idea,0
1120,wearing,have on,1
1121,guides,guidebooks,1
1123,observers,an observation,0
1124,the origin,source,1
1125,the crowds,masses,0
1127,the customer,consumer,0
1128,came through,arrived,1
1129,delivers,are offering,1
1130,gone down,gone,1
1132,the studies,researches,1
1133,changing,alters,0
1134,roundup,recap,1
1136,are analysed,analyze,1
1137,everywhere,all around,1
1138,vaccine,measles vaccine,0
1139,ways and means,ability,0
1141,were built,completed,0
1142,preparing for,prepares,1
1143,presentations,a narrative,0
1145,thinks,imagines,0
1147,the performance,demonstrations,0
1148,thinking,minds,1
1150,u.s,american states,0
1151,bumblebees,bees,1
1152,step forward,progresses,0
1153,significantly,more strongly,1
1155,mr. anderson,anderson,1
1156,prepare,drew up,1
1157,privacy,personal information,0
1158,vegetables,vegetable,1
1159,pretending,FALSE,1
1160,predicts,expects,1
1162,"well , jackie",jackie,1
1164,is worsening,degrade,0
1165,repaired,is restored,0
1166,officials,government,1
1167,the deceased,late,1
1168,routine,day-to-day,0
1169,unlock,are opened,0
1170,overly,exaggeratedly,0
1171,killer,deadly,1
1172,paths,path,1
1173,models,modeling,1
1174,wildfire,the fires,1
1175,to grow,grown,1
1177,presidential,a president,1
1178,the company 's,inc.,0
1179,overpowered,overcame,1
1180,number,a figure,0
1181,the district,territory,1
1182,received,be offered,0
1183,advisory,advisors,1
1184,pathogenicity,pathogen,1
1186,twinkies,cakes,1
1187,the executive,administrative,1
1188,strike,hit it,1
1189,to remain,retain,0
1190,is applied,application,0
1191,so pleased,happiest,1
1193,growing,are increasing,0
1194,periodically,periodic,1
1195,the house,parliament,0
1196,thinks,guess so,1
1197,treasures,appreciates,1
1198,the goal,outcome,0
1199,fight back,confront,0
1200,simplified,most simple,1
1201,shady,dubious,0
1202,participate,be involved in,0
1204,studies and research,researches,1
1205,shelf-life,lifespan,1
1207,the sample,examples,1
1209,columbian,colombian,1
1210,discontent,discomfort,1
1211,ruins,remainders,0
1212,lofty,distinguished,1
1213,wounded,getting hurt,1
1214,hit,getting hurt,0
1216,high-end,high,1
1217,stand alone,independent,1
1218,look at,analyze,0
1220,was falling,declines,0
1222,was identified,observed,1
1223,using it,employ,0
1224,closures,closings,1
1225,hungry,go hungry,0
1226,the executive,administration,1
1227,landowner,landlady,1
1228,the substance,matter,0
1229,skill,knack,0
1230,the topic,subject,1
1231,the united states,states,1
1234,caroline lucas,caroline,1
1235,thrilled,good to meet you,0
1236,saturated,oversupplied,1
1237,ramps,overpasses,0
1238,the instructions,instruction,1
1239,lynne,lyne,1
1241,the same way,same,1
1242,shoppers,a customer,0
1244,community groups,communities,1
1245,finishes,are done,1
1246,stood,advocated,0
1248,deserts,desert,1
1249,tracking down,find,1
1250,high-profile,high-level,1
1251,certain components,aspects,1
1252,expropriated,confiscated,1
1253,going away,goes,1
1256,the vehicles,auto,1
1257,other issues,matters,1
1258,erase,cancel,1
1259,very surprised,amazed,0
1260,do something,did,1
1261,ingredients,food additives,0
1262,rachel,rach,1
1264,provisional,makeshift,1
1265,histories,historically,0
1266,revitalise,energize,1
1267,has created,causes,1
1269,decreasing,are shrinking,1
1270,competence,ability,1
1272,the strong,power,1
1274,the music,musicians,0
1275,old people,elders,0
1276,toys,children 's toys,0
1277,sensors,detected,1
1278,to remain,maintain,0
1279,women and men,gender,0
1280,man-made,artificial,0
1281,too low,lower,1
1282,trafficking,hawking,1
1283,very few,fewer,1
1284,taiwanese,taiwan residents,0
1285,its goal,aim,0
1286,those components,ingredients,1
1287,goes through,accepted,0
1288,new jersey,n.j.,0
1289,the east,eastern,0
1290,everything,all around,0
1292,the department,administration,0
1293,resting,get some rest,1
1296,was declared,announces,1
1297,has come,arriving,0
1298,union,council,0
1302,improve,are increasing,0
1303,nourishment,food production,1
1304,spite,hate,1
1305,is ok,correct,0
1306,wonders,wonderful,0
1307,determined,defined as,1
1308,saturdays,sat,0
1309,wounded,deaths and injuries,1
1310,obtain,get them,1
1311,seeming,pretending,0
1312,the leisure,recreational,1
1313,bulk,a majority,0
1314,negotiate,coordinate,1
1316,make decisions,decision-making,0
1317,74,1974,1
1319,dodge,avoiding,1
1320,young man,son,1
1321,intended to,expected,1
1322,pretending,pretend,1
1323,generate,evoke,1
1324,fiery,fervent,0
1326,facilitators,advocates,1
1327,goes through,conducted,0
1328,my mother,moms,1
1329,leave,give up on,0
1330,were saved,rescued,0
1331,strangers,alien,0
1333,its goal,achieving,0
1334,re-election,his election,1
1335,to be reduced,decreasing,0
1336,well-prepared,preparatory,0
1337,shunned,should be dismissed,1
1338,livestock farming,farm,1
1339,will provide,deliver,1
1340,really happy,happiest,0
1341,thawed,melted,1
1342,some form,shape,1
1343,surfing,surf,1
1344,the suspicions,skepticism,0
1345,detailed arrangements,conditions,1
1346,independents,independence,1
1347,sought out,search,1
1348,ready-to-eat,ready,1
1349,the deficits,shortfalls,1
1354,my children,daughter,0
1355,to show,displayed,0
1357,triggered,brought about,1
1358,good enough,ample,0
1359,musicians,musical works,0
1361,the elements,conditions,1
1362,settlements,residential areas,1
1363,the entrance,access,0
1364,playback,a reading,1
1365,limits,a maximum,0
1366,tail,rear,0
1368,pentagon,military,1
1369,57,1957,1
1371,have n't,don't,1
1372,the behavior,conduct,0
1373,tell,saying that,1
1374,sorts,arranges,0
1375,petition,complaint,1
1376,measure,gauges,0
1377,the procedure,methods,1
1378,countries,a nation,0
1379,village,population,0
1380,the positions,attitudes,0
1381,auto,a motor vehicle,0
1383,would say,responded,0
1384,land,farmland,0
1385,piles,a pile,1
1387,the living,quarters,1
1388,the philippines,filipino,0
1389,transmitting,transferring,1
1390,real estate,properties,0
1392,supporting,protecting,1
1393,temptation,lure,1
1394,that girl,rachel,0
1395,receive,be issued,0
1396,degrade,decompose,1
1397,husbands,consumer-husbands,0
1398,the 1970s,1973,1
1400,setup,is set,0
1401,being,are now,1
1402,read,a reading,0
1403,mummy,mom 's,1
1404,mission,is tasked,0
1405,overly,grossly,0
1408,promotions,promoters,1
1409,there are,including,0
1410,home,dorm,0
1412,statesman,politician,1
1413,investments,investment opportunities,0
1415,to start,initiate,0
1416,the protection of,securing,0
1417,was identified,discover,1
1418,simplified,more simple,1
1419,the vicinity,location,1
1420,teenage,18-year-old,0
1421,high-grade,high-end,1
1422,re-election,re-appointment,0
1423,waste,the garbage,1
1425,patrons,crowds,1
1426,shortfalls,insufficient,0
1427,walk out,escape,1
1428,skepticism,disbelief,1
1429,shortlists,rosters,1
1430,hum,hmm,1
1433,might think,imagined,0
1434,rage,outrage,0
1435,distress,discomfort,1
1436,things,that stuff,0
1437,toys,play,1
1438,pretended,faked,1
1439,angry,angered,1
1441,moms,mom 's,1
1443,indictment,indictee,1
1445,reviewed,be considered,1
1447,sections,a branch,1
1448,the garbage,littering,0
1453,go to sleep,crash,0
1454,telling,saying that,0
1455,joseph,jose,1
1456,my children,kid,1
1457,pathogen,disease-causing,1
1458,managing director,directors,1
1460,independents,independent members,1
1461,object,its goal,1
1463,readily,more easily,1
1464,threatens,threatening,1
1465,taps,faucets,0
1466,to go away,go,1
1467,my children,boys,1
1468,uploads,upload,1
1470,the keys,keyboard,0
1471,their trade,occupation,0
1473,government,embassies,0
1474,revive,re-establish,0
1475,hate when that happens,hate,1
1476,freedom,free choice,0
1477,made possible,enabled,0
1479,the shooting,gunfire,0
1480,the machinery,mechanical,0
1482,landowner,landlord,1
1483,returned,back in,1
1484,new ways,means,0
1485,our times,era,0
1486,preparatory,pre-production,1
1488,borrowing,a mortgage,0
1490,provides,are offering,0
1491,be analysed,analyze,1
1492,sensors,probes,1
1493,the goal,targeting,0
1494,the big,great,0
1495,its goal,aims,1
1496,overpasses,footbridges,0
1497,announcements,a message,1
1499,public education,instruction,1
1500,the scale,scope,1
1501,new equipment,materials,0
1502,their neighbours,neighbor,1
1503,is too expensive,expensive,1
1504,unlock,be reopened,0
1505,high-end,fashionable,0
1506,mechanism established,mechanism,1
1507,developmental,developed,1
1509,the general,chief,1
1512,re-entry,comeback,1
1513,the film,cinema,0
1514,withdrawn,opt out,0
1515,steady,consistent,0
1518,robes,bathrobes,0
1519,there are,existing,0
1520,user,a customer,0
1521,cares,are interested,0
1522,regular,day-to-day,0
1523,to assist,enable,0
1525,were built,instituted,0
1526,today,do now,0
1528,paws,claws,1
1530,clients,a patient,1
1531,religion,'s religion,1
1532,whales,beluga whales,0
1533,the arena,stadium,1
1534,yes .,yeah,1
1535,sheltered,insulated,0
1536,would say,tells,1
1537,upbringing,their education,1
1538,devotees,advocates,0
1539,trimming,decreasing,0
1540,unanimously agreed,unanimously,1
1541,hum,hmmm,1
1543,preparing for,planned,1
1544,senses,brains,1
1545,valid,is ok,1
1546,decreases,decays,0
1547,typhoon,strong winds,1
1548,fuss,clamor,0
1549,ended,are done,0
1551,down,are low,0
1552,the love,lovers,0
1553,scoreboard,board,1
1554,thoughts,new ideas,0
1555,ties,relate,0
1557,free of charge,free,1
1558,penalty,penalization,0
1561,omitted,neglect,1
1562,is low,few,1
1563,some components,aspects,0
1564,sidestep,dodge,1
1565,the back,background,0
1566,shady,questionable,0
1567,tallest,greater,1
1568,typhoon,cyclone,1
1570,occupationally exposed,exposed,1
1573,decomposes,decays,1
1576,timidly,cautiously,1
1577,users,a customer,1
1578,selected,be considered,0
1579,push,pressure,0
1580,hawk,falcon,1
1581,the kidnapping,kidnap,1
1582,indictment,condemnation,1
1583,wire harness,harness,1
1584,today 's,nowadays,0
1585,strictly,closely,1
1586,extreme,a maximum,0
1587,yourself,the customer,0
1590,diversion,distraction,1
1591,to purchase,shopping,1
1592,australians,aboriginals,1
1594,gripped,grabbed,1
1595,managing director,director,1
1596,vast,large-scale,1
1597,updating,continuation,0
1598,to eat,ate,0
1599,andersson,anderson,1
1600,the positions,situations,1
1601,receive,be charged,0
1602,peoples,a nation,0
1603,very hungry,hungry,1
1604,longevity,lifespan,1
1606,the neighbours,neighbor,1
1607,worst,the worse,1
1608,the strong,strength,1
1609,was falling,decline,0
1610,the legislative,legislator,1
1611,line,a pipeline,0
1612,techniques,methodology,0
1613,trend,this tendency,0
1615,very strong,strongly,0
1617,is using,employs,0
1618,reversed,repaired,1
1619,villagers ',village,1
1622,the men,boys,1
1623,tracking,orbiting,1
1624,others,all other,0
1625,virtually,nearly all,1
1627,proposition,assertion,1
1628,the living,mankind,0
1629,coruna,corona,1
1630,section,a branch,0
1631,an actress,actor,1
1632,hollows,cavities,0
1633,time to time,periods,0
1634,growth,fungal,0
1635,criticism,critic,1
1636,very similar,like,1
1637,withdrew,exited,1
1639,promoting,promoters,1
1640,vaccine,the vaccination,1
1641,updating,developing,1
1642,demonstrations,activists,1
1643,reduces,decays,0
1646,choose,a choice,0
1647,well,just as well,0
1649,vaccine,new vaccines,1
1650,solution,resolving,0
1651,be explored,analyze,0
1655,retreat,opt out,1
1656,the standards,norm,1
1657,secretly,covertly,0
1658,observed,observations,0
1659,volunteering,social work,0
1660,throughout,all around,1
1661,nearly all,mostly,1
1662,knowledge,awareness of,0
1663,unnoticed,overlooked,1
1664,standards and norms,norms,1
1665,preserves,conservation,1
1667,gunfire,fire,1
1668,shores,beaches,1
1669,own-account,independent,1
1670,tearing,dividing,0
1671,commission,a committee,1
1673,template,modeling,1
1674,the promoters,proponent,0
1675,not many,minimal,0
1676,cancers,cancer research,0
1677,personal data,database,1
1678,occupied territory,occupation,1
1679,forwards,forward,1
1682,ratings,ranks,0
1683,is possible,feasible,0
1684,thesaurus,dictionary,1
1685,thrives,succeeds,1
1686,smoke,puff,0
1687,rescued,been saved,1
1688,to happen,occur,1
1689,new equipment,gear,1
1690,medicine,medication,0
1692,shit,junk,1
1693,the sample,example,0
1696,treasures,inheritances,0
1697,the owner,holder,0
1698,the general,secretary-general,0
1699,steady,regular,1
1700,whales,blue whales,0
1701,greater,even further,0
1702,myth,folklore,1
1703,raise,brought up,1
1704,outraged,angered,1
1705,smoothly,more easily,1
1706,the building blocks,basics,1
1707,scuba,dive,1
1709,nowadays,more recently,0
1710,wide,a big one,1
1711,has received,getting,1
1712,likewise,just as well,1
1713,presence,its existence,0
1714,authors,author 's,0
1715,reduce,fewer,1
1716,fight back,defended,0
1718,fiftieth,50th,1
1719,maintaining,be preserved,0
1720,is granted,earned,1
1721,puff,drag,1
1722,worldwide,all around,1
1723,the opponents,enemies,1
1724,broadcasts,airs,1
1725,thinks,feel that,0
1728,modelling,modeling,1
1729,valued,treasures,1
1730,is ok,fine,0
1731,the liberty,permits,1
1732,high-level,high-end,1
1733,has created,caused,1
1734,return,goes back,1
1736,sweets,honey,0
1737,pending,hang on,1
1738,puff,haze,0
1741,infections,health problems,1
1742,neglect,be disregarded,0
1743,the wife,her,1
1744,studied,been reviewed,0
1746,fiery,enthusiastic,1
1747,the field of biotechnology,biotechnology,1
1748,were examined,studied,0
1750,unanimously,unanimous agreement,1
1752,2006,'s 2006,0
1753,makeshift,last-minute,1
1755,grown-ups,folks,0
1756,restrict,curb,1
1757,lynne,len,1
1758,the discussion,debates,1
1759,target,prey,0
1760,cocoa,cacao,1
1762,happened,go down,0
1764,is applied,applications,0
1765,observing,monitoring,0
1767,overcame,conquered,1
1769,supporting,provide assistance,0
1770,renovated,modified,1
1773,outlined,announced,1
1774,touched,hit it,1
1775,their communications,presentations,1
1776,the site,area,1
1777,gender,both girls and boys,1
1778,reignite,kindle,1
1779,records,'s records,0
1781,their election,re-election,1
1782,go down,dropped,0
1784,nut,idiot,1
1785,the stress,emphasis,0
1786,most,a majority,0
1788,are based,are,1
1793,outlaw,illegal,1
1794,more easily,easy,1
1795,crashed,accident,0
1796,supporting,favouring,0
1797,what 's coming,coming,1
1798,sacred,blessed,1
1799,goggles,glasses,1
1800,independents,independent sources,1
1801,growth,grow up,1
1805,viewable,display,1
1806,scenes,landscapes,0
1807,recognizes,honors,0
1810,stuff,junk,0
1812,provincial governments,government,1
1813,postings,communications,1
1814,rid,erase,0
1817,to flee,flight,0
1819,the surgery,operation,1
1820,interpreted,been considered,1
1821,tasks,duty,1
1822,deficits,budgets,1
1824,answered,answer the phone,0
1825,puppet,doll,1
1826,threatening,endangering,0
1827,the positions,places,1
1828,times,an age,0
1830,discussions,discuss this issue,0
1831,preserves,ensuring,0
1833,envelopes,encompassed,0
1834,nearly all,everything,1
1837,landing,land,1
1838,penalty,losses,1
1840,proposal,petition,1
1841,the elements,factors,1
1842,succeed,came through,1
1843,anderson,andersen,1
1844,pro-democracy,democratizing,1
1845,discomfort,annoyance,1
1846,wastes,debris,0
1847,rookie,recruit,0
1848,quarters,households,1
1849,photos,filming,0
1851,the goal,achieve,0
1852,overlooked,forgotten,1
1853,norm,a standard,0
1854,to remain,sustained,0
1855,typhoon,a hurricane,1
1856,treasured,cherished,0
1857,wildfire,a forest fire,1
1859,simplify matters,simplified,1
1860,thrilled,so grateful,1
1863,ruling,make decisions,1
1864,the footsteps,strides,0
1865,son,lad,0
1867,helicopter,chopper,1
1868,triggered,spurred,0
1869,lots,a pile,0
1870,contribute,be involved in,1
1871,"27,000.00","27,000",1
1872,product,medicine,1
1873,the 1970s,1971,1
1874,proposing,be offered,1
1875,the dots,marks,0
1876,writings,an essay,0
1877,saturation,saturated,1
1878,landowner,homeowner,1
1879,simplified,be streamlined,0
1880,rebound,getting better,1
1881,buddies,allies,0
1883,minor,is low,1
1884,simplified,been streamlined,0
1885,observing,discovering,1
1886,counsels,advisory,1
1888,historically,conventionally,0
1889,paychecks,earnings,1
1890,political party,parties,1
1891,has increased,grow,1
1893,identify,be recognised,0
1894,situations,aspects,1
1895,the eruption,explosion,1
1896,thrilled,so excited,1
1897,pro-democracy,democracy,1
1898,the opportunity,options,1
1900,intelligence,intel,1
1901,u.s.,north america,0
1902,swimmer,swim,1
1903,passionate,fiery,1
1904,the vehicles,motor,1
1905,tall,long,1
1906,youngsters,a young age,1
1907,the cargo,shipment,0
1908,seize,prey,1
1910,secrets,secretly,0
1912,scrambling,rushing,1
1913,earned,acquired,0
1914,to flee,escaped,1
1915,the vicinity,proximity,1
1916,standards,limits,1
1917,tougher,more complex,0
1919,prepare,preparatory,0
1920,levels,high-level,0
1921,proposes,are offering,1
1923,list,a full list of,0
1924,societies,community groups,1
1926,our lives,living,1
1927,very strong,brave,0
1929,saturated,overcrowded,1
1930,woundings,wounded,1
1931,squeal,louder,1
1932,the mediterranean region,mediterranean,1
1933,wore,have on,0
1934,hardship,discomfort,1
1936,sitter,caregiver,0
1937,progress,getting better,1
1939,self-esteem,esteem,1
1940,the teacher,educators,0
1941,names,name,1
1942,smokescreen,distraction,1
1943,filipino,filipina,1
1944,states,saying that,0
1945,grow up,evolve,0
1946,tying,ties,1
1947,is expected,hopes,1
1948,return,re-election,0
1949,pathogen,bioweapon,1
1950,inspiring,hopeful,1
1951,delayed,being held,1
1952,keen,fierce,1
1953,toys,sets,0
1954,removes,pulls,1
1955,stamp,label,0
1956,scare,'re scared,1
1957,landing,arrivals,1
1958,establishment,efforts to establish a,1
1959,pro-democracy,democrat,1
1961,promotes,promoters,0
1962,very similar,same,1
1963,proposition,its proposal,1
1966,the educational sector,educators,1
1967,the site,establishment,0
1968,timeline,time-scale,0
1970,self-reliant,independent,1
1971,voids,cavities,1
1972,cash benefits,allowance,1
1974,prey,attack,1
1976,nearly all,almost,1
1977,the machinery,machines,1
1978,kelly,kelley,1
1979,meat,carne,0
1980,reject,opt out,0
1982,harmonize,coordinate,1
1983,navigating,navigate,1
1986,undergraduates,pupils,1
1988,stone,marble,0
1989,truckload,batch,0
1990,evil,cursed,0
1991,the love,lover,1
1992,teachers,language teachers,0
1993,lynne,lyn,1
1994,perpetually,permanently,1
1995,treasured,much appreciated,1
1996,possibilities,new ways,1
1997,presidency,a president,1
1998,sponsoring,fund,1
1999,wildfire,a fire,1
2002,pro,a professional,0
2003,christianity,christian,1
2004,gauges,calculates,1
2005,existing,are already available,1
2006,journalists,correspondents,0
2007,vast,tall,1
2009,sure you do,assured,0
2010,times,time to time,0
2011,scared,scare,1
2012,the angle,perspectives,0
2013,very carefully,cautiously,0
2014,further,far off,1
2016,rafts,liferafts,0
2018,suck,failed,1
2020,amass,accumulate,1
2021,neighbourhood,chinatown,0
2022,toppled,crashed,1
2024,sicker,illness,0
2025,the funds,subsidies,0
2026,the methods,models,1
2027,rooms,condos,0
2028,they all,everyone,1
2029,reasons,explanations,0
2030,tides,floods,1
2032,organizations,community groups,1
2033,new cars,auto,0
2034,the agent,officer,1
2037,investigated,be verified,0
2038,viewers,crowds,1
2040,kathrin,catherine,1
2041,my heart,hearts,1
2043,makeshift,improvised,1
2044,old,an age,0
2045,the smoke,fumes,0
2047,more easily,easier,1
2048,stadium,gym,1
2049,auto,a car,1
2051,"johannesburg , south africa",johannesburg,1
2052,overly,far too much,1
2053,thinks,think happened,0
2054,has decided,decisions,0
2055,shadow,shade,0
2057,rise,has increased,0
2058,its independence,independents,1
2059,practiced,devoted,0
2060,the studies,survey,1
2062,ravaged,plagued,1
2063,nails,fingers,1
2068,the entrance,admission,0
2069,enraged,angered,1
2070,rebuild,be built,0
2072,to eat,eaten,1
2073,the advocates,promoters,1
2074,the wife,bride,0
2075,fraternity,fellowship,1
2076,is released,deploy,0
2079,opposed,argued,1
2081,the wife,lady,1
2082,18-year-old,18 years old,1
2083,so well,perfectly,0
2084,pardon,excuse,1
2085,database,data banks,0
2086,sanitation,sanitary facilities,0
2087,hawking,hawkers,1
2088,preserves,be preserved,1
2091,enjoy,benefit from,0
2094,incorporate,harness,1
2095,youths,young man,0
2096,trap,catches,0
2097,intel,data,1
2098,principals,managing director,0
2099,some,one or two,0
2100,u.s,north america,0
2101,the vicinity,neighborhoods,1
2102,exposed,exhibit,0
2103,the opinions,perspectives,0
2104,legal practice,attorney,1
2106,production,food production,0
2107,widely held,rampant,1
2108,arrangement,any agreement,1
2110,deserve,be entitled,0
2111,unrelated,disjointed,0
2112,choosing,a choice,1
2113,resting,rest now,1
2114,miriam,mariam,1
2115,domain,area that,1
2116,people,a nation,0
2117,moving,going away,0
2119,reused,re-using,1
2120,1960s,1960,1
2121,go down,collapse,0
2122,issue,is a problem,1
2123,the vehicles,cars,1
2124,restrict,impede,0
2125,their lawyers,advocates,0
2128,offended,insulted,1
2129,soon afterward,afterward,1
2130,uncertainty,skepticism,0
2131,progresses,are moving forward,0
2133,far off,far,1
2134,is able to,gonna,1
2135,sport,basketball,0
2137,decision,decides that,0
2138,the games,events,0
2139,housing units,estate,0
2140,envelopes,bundles,1
2141,television programmes,broadcasts,0
2142,their elections,re-election,1
2143,well-off,riche,0
2144,helicopter gunships,helicopter,1
2145,dorm,bunkhouse,0
2146,evaluated,been investigated,0
2147,farmland,agriculture,0
2148,protests,opposed,0
2149,suspicion,some questions,1
2150,caroline jackson,caroline,1
2151,the elders,elderly,1
2152,the dance,prom,0
2153,has reached,arrived,0
2154,their case,issue,1
2155,sacred,noble,1
2156,nuisance,brat,1
2157,highly educated,educated,1
2158,options,menus,0
2159,to flee,running,1
2160,coordinated,carried out,1
2162,performer,musicians,1
2163,succeeds,passes,1
2164,to grow,growth,0
2165,press,a reporter,1
2167,demonstrators,demonstrations,1
2168,the subjects,object,1
2170,senior,high-level,1
2172,was identified,established,0
2173,compositions,an essay,1
2175,additional,addition to,1
2176,205th,205,1
2177,it possible,able,1
2178,was declared,declaration,0
2179,transmitting,emitting,1
2180,computers,a personal computer,0
2182,the weather,climate,1
2184,clinique,clinic,1
2185,destination,aimed,1
2187,sleeps,go to sleep,1
2188,welfare,social work,1
2190,alexandra,alexander,1
2191,the entrance,gate,1
2192,students,our youth,0
2193,teaching,college,0
2194,street,highways,0
2195,fought,fight back,1
2197,juvenile,a young age,1
2198,our businesses,firms,0
2199,lobbying,campaign,1
2200,pipes,a pipeline,1
2201,suppression,repressive measures,0
2202,practiced,been complied with,0
2203,this state,arkansas,0
2205,styrofoam,foam,1
2206,temptation,enticement,0
2210,social work,outreach,1
2211,succeeds,is to succeed,1
2214,pictures,film,0
2215,the subjects,matter,1
2216,passed,came through,0
2217,unfortunate,cursed,1
2218,makeshift,impromptu,0
2219,has received,collected,0
2220,prohibits,outlaw,1
2221,fragmentation,fracturing,1
2222,religion,ideology,0
2224,the garbage,scraps,1
2225,coming home,coming,1
2226,climate changes,climate,1
2227,wounded,injured,0
2228,slowed,'re slowing down,1
2230,the year 1997,1997,1
2231,decision,board 's decision,0
2232,gone down,decrease,0
2233,sought out,requested,0
2234,kidnapping,kidnap,1
2235,honeybees,bees,1
2236,limit,a maximum,0
2239,shot,pictures,1
2240,sperm,semen,0
2242,wreckage,debris,0
2243,rocket attacks,missile,1
2246,the instructions,guidance,0
2248,18-year-old,18-year,0
2249,politician,a political,0
2251,pin,nail,1
2252,far off,apart,1
2253,trend,leading,0
2255,stations,broadcasts,0
2258,older,old enough,0
2259,grow,be built,1
2261,rachel,rachael,1
2262,lavish,generous,1
2263,shall,is able to,1
2264,is one,belongs,0
2266,lows,lower,1
2267,young,a young age,0
2268,unskilled,low-wage,0
2269,having fun,happy,1
2271,that region,regional,0
2272,salaires,paychecks,1
2274,way,a long way,0
2275,marthe,martha,1
2276,has created,creates,1
2278,perception,awareness of,1
2279,semen,seed,1
2280,understood,been known,0
2281,evaluate,be considered,1
2282,the defense ministry,pentagon,1
2283,eaton 's,eaton,1
2284,swore,cursed,1
2285,cervical cancer,cancers,1
2286,materials,fibers,0
2287,expand,adding to,1
2288,the city,kabul,0
2289,raised,brought up,1
2290,record,listed,1
2291,infestation,contamination,1
2293,hate messages,hate,1
2294,the house,residence,0
2295,the same way,similar,0
2296,those actions,steps,1
2297,trash,the garbage,1
2298,kiddo,5-year-old,0
2299,were built,established,0
2300,input,an opinion,0
2302,six-,6th,0
2303,ruins,remains,1
2306,policeman,an officer,0
2307,positioned,poised,0
2308,turning,turned back,1
2310,interpreted,been explained,1
2312,wonders,questions,1
2313,the positions,location,1
2315,dr.,a physician,0
2317,was falling,declining,1
2318,fungus,fungal,1
2319,volunteers,social work,0
2320,sweets,cupcakes,0
2321,up-coming,coming,1
2322,the procedure,technique,0
2323,pleased about that,happiest,1
2326,instances,conditions,1
2327,presentations,any communication,1
2328,computation,calculus,1
2329,alyaksandr,alexander,1
2330,hoard,fortune,1
2331,dorm,domicile,0
2332,thrive,are increasing,1
2333,country,a nation,0
2334,offer,donates,0
2335,public discussions,debates,1
2337,hurting,getting hurt,1
2338,our lives,lifetime,0
2339,rescued,are saved,1
2340,i could,able,0
2342,certificates,a note,1
2343,weapons,the gun,1
2345,exited,ended,1
2347,thrilled,extremely pleased,1
2348,specimens,a model,1
2351,cupcakes,cakes,1
2352,too low,lacking,0
2353,undergraduates,scholars,1
2354,withstand,hang on,1
2356,they all,participants,0
2357,repaired,properly maintained,0
2358,something,some form,0
2359,intended to be,expects,1
2360,mitigate,cushion,1
2361,human beings,beings,0
2362,public opinion,beliefs,1
2363,pies,cakes,1
2365,witnessing,noticing,1
2366,go down,down,1
2367,lifespan,duration,0
2368,these institutions,establishment,1
2369,points,other issues,1
2370,forgive,excuse,1
2371,machines,aircraft,0
2374,good enough,fair,0
2375,gone down,fallen,1
2376,various types,models,0
2377,the agency,headquarters,0
2378,survived,overcame,0
2379,enhancing,developmental,0
2380,the district,regions,1
2381,supports,pro,0
2382,detained,confiscated,0
2383,orbiting,orbital,1
2386,plains,grassland,0
2387,tempest,gale,1
2389,thinks,focusses,0
2390,the scenery,scenes,1
2392,well-off,moderately prosperous,0
2393,our businesses,enterprises,0
2394,diversity,biodiversity,0
2395,strangers,outsiders,0
2396,the film,movie,1
2399,the fine,penalty,0
2400,arming,armed men,0
2401,region,area of,1
2402,has increased,expanding,0
2403,impact,an influence,0
2404,were built,building,1
2405,succeeding,came through,1
2406,pervasive,persistent,1
2407,conducted,are held,1
2409,the cargo,merchandise,0
2410,so well,properly,0
2411,health clinics,clinic,1
2412,musicians,artists,1
2413,period,an age,1
2415,towns,the city,1
2416,the vehicles,automobiles,0
2417,spouses,husbands,1
2419,donates,contributions,0
2422,savage,fierce,1
2423,sought out,intended,0
2425,prepared,drew up,1
2426,is established,establishment,1
2427,lots,a huge amount,0
2428,joking,having fun,1
2429,verify,check,1
2430,top-of-the-range,high-end,1
2431,stance,her position,1
2432,is expected,anticipate,0
2433,nighthawk,hawk,1
2434,used,reused,1
2435,transmitting,transmitted,1
2436,the cargo,goods,0
2437,plentiful,lavish,0
2438,want you to,insisted,0
2439,opponents,enemies,1
2440,proclamation,designation,1
2441,self-respect,self-esteem,0
2442,need,necessity,0
2444,stop,shut up,0
2446,the discussions,debates,0
2447,"hungry , right",hungry,1
2448,the material,ingredients,0
2449,the bullets,gunfire,1
2450,traveling,going away,1
2451,upheld,be preserved,1
2454,pentagon officials,pentagon,1
2455,to buy,buyer,0
2456,sensitive,aware of,1
2457,tracking down,monitor,0
2458,saturated,overloaded,1
2459,the collapse,destruction,0
2460,was saying,tells,1
2461,vaccine,vaccination,1
2463,stamp,a mark,1
2464,ranks,classifications,0
2465,shopping,is purchased,0
2466,updating,updated information,0
2467,important,a major,0
2468,swim,dive,0
2470,developmental,development-,1
2471,understands,can see,1
2472,new ideas,ideas,1
2473,the garbage,refuse,0
2474,sudden,abrupt,0
2475,very few,rarely,0
2476,the owner,ownership,0
2477,hostile,confrontational,0
2478,less than,fewer,0
2479,tremendously,dramatically,1
2480,now,meantime,0
2482,insurgents,armed men,1
2483,to remain,stay,1
2484,was falling,falls,1
2485,luxurious,lavish,1
2486,saturdays,next saturday,0
2487,reviewer,critic,1
2489,specifically,individually,1
2491,installing,installation,1
2492,dorm,accommodation,0
2493,periods,certain periods,0
2494,superior,preeminent,0
2495,was identified,discovered,1
2496,techniques,technical capabilities,0
2497,records,marks,1
2498,the scores,score,1
2500,alex,-he,1
2501,devise,design,1
2502,subscriber,a customer,1
2503,ire,angered,1
2504,more complex,difficult,1
2505,go down,decreasing,0
2506,thrust,pushing,1
2507,unskilled,low-skilled,1
2508,successes,succeeds,1
2509,well-to-do,well-off,1
2510,malcolm,he,1
2512,ingredients,components,1
2513,sustainable and long-term,sustainable,1
2514,imagined,dream about,1
2516,strategies,new ways,1
2517,lamps,flashlights,1
2518,the ranch,farm,1
2519,do now,act,0
2520,protestant,christian,1
2521,values,treasured,0
2522,projectiles,missile,1
2523,timeline,time frames,0
2524,improves,getting better,1
2525,the owner,bosses,1
2526,staggeringly,remarkably,1
2528,noise,hum,0
2529,receive,been given,1
2530,the classification,designation,1
2531,the subjects,material,1
2532,resign,give up on,1
2533,florida,fla .,1
2534,leaving,going away,1
2535,transformed,modified,1
2537,neighbor,its neighbour,0
2538,your father,pops,1
2539,was saying,explained,0
2541,the behavior,acts,1
2542,wizard,warlock,0
2543,to assist,assistance,1
2545,golf courses,golf,1
2547,new equipment,equipment,1
2548,five-year-old,5-year-old,1
2549,the second,2nd,0
2550,sector,a branch,1
2551,the doubts,skepticism,0
2552,the chest,breast,0
2554,the procedure,operations,0
2555,boards,a committee,0
2556,will be assessed,evaluated,1
2557,educators,educational establishments,0
2559,secretly,clandestine,0
2560,the gathering,crowds,1
2561,revive,re-ignite,0
2562,raises,brought up,1
2563,waits,hang on,1
2565,musicians,creators,0
2568,is amended,changed,1
2570,the building blocks,foundations,0
2571,postings,postes,1
2572,out,far off,0
2573,robes,coats,1
2574,best,a lot better,0
2575,reused,converted,0
2576,changing,changed,1
2577,this assistance,subsidies,0
2578,my mother,mummy,1
2579,the substance,materials,1
2580,retail,department stores,1
2582,region,area that,1
2583,the men,persons,1
2586,deserve,'ve earned it,0
2587,nil,absent,1
2588,public opinion,perception,1
2589,that people,guys,1
2590,preparing for,developing,0
2591,postings,openings,1
2592,tracking down,identifying,1
2593,supported,encouraged,0
2594,whales,killer whales,0
2595,proceedings,discussions,1
2596,closings,closes,1
2598,picture,mri,0
2600,to start,begins,1
2601,cesar,caesar,1
2603,plantation,farmland,1
2605,intelligent,brains,1
2606,the owner,holders,0
2607,pictures,pics,1
2608,the hill,mountain,1
2610,offenders,criminal offences,0
2611,the procedure,guidelines,1
2612,myth,legend,1
2615,holiday,fiesta,0
2618,pathogenic,pathogen,1
2619,intends,intended to,1
2620,mid-1960s,1960s,1
2622,the palestinian refugees,refugees,1
2623,the planning,preparatory,0
2624,n.j.,jersey,1
2625,pressure,high pressure,0
2626,servant,maid,1
2627,practiced,participated,0
2628,investigated,ascertained,0
2629,allies,allied,1
2630,lowered,is low,1
2631,shortly,pretty soon,1
2633,the big,tall,1
2634,emerge,coming out,1
2635,the dirt,sand,1
2636,the likelihood,probability,0
2637,small-town,little,1
2638,the men,mates,0
2639,the men,human,0
2640,health problems,diseases,1
2641,themes,the subjects,1
2642,unforeseen,sudden,1
2643,re-energize,energize,1
2644,"well , catherine",catherine,1
2646,unleashed,is released,1
2647,truly,full-fledged,0
2648,told him,told,1
2649,the owner,ruler,0
2651,so apparently,seemingly,0
2653,revive,revitalize,1
2654,650,65,1
2656,working,that job,0
2657,calculus,calculation,1
2658,preparedness,preparatory,1
2660,nuisance,disruption,1
2661,elude,dodge,1
2662,reports,announcements,0
2663,producing,developing,1
2664,correspondents,correspondences,0
2665,gunman,armed men,0
2666,loads,a pile,0
2667,heads,headers,0
2668,expanding,adding to,1
2669,increase,come up,0
2671,existing,available,1
2672,involved,have participated,0
2673,the building blocks,elements,0
2674,paragraphes,chapters,1
2675,play,acting,0
2676,diversity,disparity,0
2678,um,hum,1
2679,wander,walk out,1
2680,offended,'m upset,1
2681,yanks,u.s,1
2682,the hunger,hungry,1
2684,seemingly,ostensibly,0
2685,the united states,country,1
2686,farmland,cropland,1
2687,staunch,persistent,1
2688,seen,can see,1
2689,will be done,happen,1
2690,scale,further expansion,0
2691,such wastes,debris,1
2693,made possible,could,1
2694,safeguards,preserves,1
2696,their case,arguments,1
2698,asks,asked for,0
2699,to act,react,0
2700,tuition,expense,1
2701,knowing,aware of,0
2703,us forces,pentagon,0
2704,medicine,medically,0
2705,the opinions,position,0
2706,use of computers,computers,1
2707,to flee,bail,0
2709,indictment,incrimination,1
2710,supported,partnered,0
2711,rage,ire,0
2712,have on,dressed,1
2713,the accusations,indictment,1
2716,sensibly,cautiously,1
2717,sin,a social insurance number,0
2718,problems,health problems,1
2719,fasteners,closings,1
2720,shipping,maritime transport,0
2721,principal,managing director,0
2723,the women,daughters,0
2725,track,orbiting,0
2726,watching,look after him,0
2727,to flee,retreat,1
2729,the surgery,operations,1
2730,workout,sport,1
2731,scans,mri,0
2732,"is established ,",establishment,1
2734,size,number,1
2735,problem,health problems,0
2736,quantity,a huge amount,1
2737,brains,a mind,0
2738,our game,gambling,0
2739,the protection of,protect,1
2740,succeeds,be a success,1
2742,records,personal information,0
2746,territory,area that,1
2747,the women,mothers,1
2749,the big,significant,0
2750,political party,party,0
2751,separatism,dividing,1
2752,the site,location,1
2753,partly,kind of,1
2754,the company 's,companies,1
2755,untrained,unskilled,0
2756,refugees,refugee children,0
2757,typhoon,tempest,1
2758,paws,feet,1
2759,recreational,leisure time,1
2761,coordinates,coordinate,1
2762,lacking,absent,1
2764,is,are now,0
2765,the subjects,targets,0
2766,to eat,feeding,0
2767,self-defense,fight back,1
2768,treasures,artefacts,1
2769,drew up,drafted,0
2772,scrambled,rushed,1
2773,servant,minion,0
2774,demonstrations,a showcase,1
2775,musicians,artists ',1
2777,reticently,cautiously,1
2778,weekend,next weekend,1
2780,robes,dresses,1
2781,internship,fellowship,1
2782,sheriff,lawman,0
2783,carried out,accomplished,0
2784,the woman,females,0
2785,substantial,lofty,1
2786,food production,farming,1
2787,volunteering,voluntary organizations,0
2789,salaries,paychecks,1
2790,including,encompassing,0
2791,unrelated,alien,1
2793,is reviewed,investigated,0
2796,froze,been frozen,0
2797,unanimously,absolutely,1
2798,servant,employee,1
2801,the smoke,smoking,1
2803,proposition,argument,1
2805,ruling,has decided,1
2806,dip,are low,1
2808,is one,belong,1
2809,one or two,either,1
2813,caregiver,care,1
2814,to be amended,modified,1
2816,worker,caregiver,0
2817,zip,postal,1
2819,going away,abandon,0
2820,the likelihood,possibilities,1
2824,snacks,cupcakes,0
2825,the studies,surveys,0
2826,absent,absences,1
2827,walk out,leaving,0
2828,predictors,gauges,1
2831,the assumption,speculation,1
2832,view,public opinion,0
2833,very intensively,actively,1
2834,pancakes,cakes,1
2836,skepticism,distrust,1
2837,testing,sensors,1
2838,sustainable,environmentally sustainable,0
2839,the customer,him,1
2840,discussion,debates,1
2841,had stopped,froze,0
2842,condos,apartments,1
2844,lunchroom,lunch,1
2845,loaded,filled-in,0
2846,voluntary associations,fellowship,1
2847,going away,going,1
2849,katharine,catherine,1
2850,the surgery,operate,0
2851,the capsule,shuttle,1
2853,practiced,applied,0
2854,makeshift,alternate,1
2856,5-year-old,5-year,1
2857,vote,the voices,0
2858,"hey , catherine",catherine,1
2860,genome,gene,1
2861,genus,genre,1
2862,was declared,pronounced,0
2863,the legislative,legal,1
2864,it possible,feasible,0
2865,to remain,maintains,0
2867,has come,arrived,0
2868,the protection of,shelter,1
2870,the pills,medicines,0
2871,graduated,educated,1
2872,shadow,shaded,1
2873,impact,consequence,0
2874,alexander,aleksander,1
2875,waters,shores,0
2876,myself,my mind,0
2877,debris,catering waste,0
2878,write-offs,erase,1
2879,lavish,beautiful,1
2880,kind of,fairly,0
2881,seemingly,probably,1
2882,regional arrangements,arrangement,1
2883,trend,attitudes,0
2884,sanitation services,sanitation,1
2886,remarkably,amazingly,1
2887,progresses,is proceeding,0
2888,the shadows,shade,1
2889,table-ready,ready-to-eat,1
2890,recurrent,day-to-day,1
2891,proposition,proposals,1
2892,calculus,calculating,1
2893,exited,came out,1
2894,50th,50,1
2895,markedly,dramatically,1
2897,rafts,canoes,0
2898,normal,day-to-day,0
2899,pursuing,carried out,1
2900,shunned,has been rejected,1
2901,declines,decays,0
2902,plains,flats,0
2903,sustainable,long-lasting,1
2904,towards,to the,1
2907,researches,enquiries,0
2908,spirited,fiery,1
2910,chairman,a president,1
2911,request,asked for,1
2912,thoughts,brains,1
2913,overly,amply,0
2915,would,is able to,0
2917,to grow,increasing,0
2918,seeking,asked for,1
2919,digital,computer-assisted,0
2920,the kids,junior,0
2921,the capital,investments,1
2922,span,lifespan,1
2923,really surprised,amazed,0
2924,scarce,not many,1
2925,laid off,cut,1
2926,progresses,is moving ahead,1
2927,the entrance,entry,1
2928,historically,customarily,1
2930,to assist,contribute,1
2931,waiting,wait any longer,0
2933,facility is,establishment,1
2934,butchery,butcher,1
2935,scales,gauges,1
2936,guardian,a guard,1
2937,both of,2,1
2938,locations,a site,1
2941,shade,darkness,0
2942,very strong,intense,0
2943,village,town,1
2945,had expected,expects,1
2946,thinks fit,thinks,1
2947,colombia,a nation,1
2948,returns,back in,1
2949,uncertain,shady,0
2950,health problems,health,1
2951,ties,any connection,0
2952,wrong,is a problem,0
2953,using,reused,1
2954,terms,standards,0
2955,selectivity,selective,1
2958,the instructions,directive,0
2959,was identified,uncovered,1
2960,lot,a pile,0
2961,the music,jazz,0
2962,measures taken,arrangement,0
2963,lawns,grounds,0
2964,our youth,minors,0
2965,their children,son,1
2966,zones,the district,0
2967,to grow,rose,0
2968,technologies,computers,1
2969,skirts,dresses,1
2970,revealed,exposed,1
2971,schoolchildren,elementary school,0
2972,van,truck,1
2974,the machinery,machine,1
2975,sensors,radars,1
2980,would follow,follows,1
2981,very strong,fierce,0
2982,shindig,prom,1
2983,next,another one,0
2984,late,falling behind,0
2990,punches,knocks,1
2992,letters,envelopes,0
2993,investments,distributions,0
2994,managing director,leader,1
2995,that region,parts,1
2997,shot,getting hurt,1
2998,wishes,intended to,0
3000,very strong,forceful,1
3004,database,a data,1
3006,saturdays,saturday afternoon,1
3007,view,the opinions,1
3008,basketball,ball,1
3009,township,the city,1
3010,those services,service,1
3011,scheme,outline,1
3013,walk out,left,1
3015,distraction,disruption,1
3017,is using,consumes,1
3018,predicts,is expected,1
3020,example,a model,0
3021,policeman,police officers,0
3022,superior,higher,1
3024,splendid,lavish,1
3025,police officers,police,1
3026,mediterranean,euromediterranean,1
3027,hands,a finger,1
3028,place,a site,0
3029,to eat,bite,1
3030,neighbor,nearby,1
3032,resting,napping,1
3033,client,a customer,1
3037,downgrade,degrade,1
3038,polygon,pentagon,1
3039,uploads,loads,1
3040,happiest,glad,1
3042,intel-based,intel,1
3043,topics,aspects,0
3044,volunteering,voluntary,1
3045,tallest,hugest,1
3046,the demonstration,display,1
3047,fracturing,fracture,1
3048,mention,a note,1
3049,the park,parks,1
3050,handy,able to help,1
3052,well-known,aware of,1
3053,is leaving,go,1
3055,the elders,aging,1
3056,returnee,comeback,1
3060,re-election,re-elected,1
3061,rushing,hurry up,1
3062,the rocket,missile,0
3063,examples,a model,0
3065,models,demonstrations,0
3066,technology,biotechnology,0
3067,the customer,consumers,0
3068,cluttered,busy,1
3069,toward,to the,1
3070,unrelated,non-related,1
3071,lunchroom,cantina,0
3074,the vessel,containers,1
3076,understand,defined as,1
3077,they are buying,shopping,0
3078,energize,activate,1
3079,lofty,ambitious,1
3080,agency,a branch,1
3081,watching,'s watching,1
3082,good enough,adequate,0
3084,fifty,50th,1
3085,have fallen,decreasing,0
3086,specification,norm,1
3087,temptation,inducement,0
3088,gone down,diminish,0
3089,opt out,declined,1
3090,reasons,purpose,0
3091,the origin,roots,1
3092,revive,restart,1
3093,that report,coverage,0
3094,investigated,conduct investigations,0
3095,valet,servant,1
3097,fierce,barbaric,0
3098,the scepticism,skepticism,1
3100,testers,gauges,0
3101,observed,commemorate,0
3104,website,a site,1
3105,allys,allies,1
3106,dodge,avoid,1
3107,increases,grow up,1
3108,the opportunity,chances,1
3109,is able to,could,1
3111,saturated,saturate,1
3112,amount,a huge amount,0
3113,give up on,abandoned,0
3114,threads,dresses,1
3115,new ideas,idea,1
3116,low-technology,low-tech,1
3117,fibres,fibers,1
3118,the collection,roundup,0
3119,unrelated,independent,0
3120,removes,erase,0
3121,the rooms,quarters,0
3122,has created,generated,1
3123,teaching,seminar,0
3124,requested,asked for,1
3125,subject,objective,0
3128,hostile,harmful,1
3129,shunned,dismiss the application,0
3131,to grow,thrives,0
3132,consciousness,awareness of,1
3133,wretched,cursed,1
3134,was occupied,occupation,0
3135,marrow,bone-marrow,0
3136,the lawyer,counsel,0
3137,occupation,", occupying",0
3138,the house,household,0
3139,was saying,concluded,0
3140,drainage,canal,1
3141,canadian and,canada,1
3142,proposed,be offered,1
3143,resting,lying,0
3144,truce,respite,0
3145,conduct,are held,1
3147,target,destination,0
3149,co-authors,authors,1
3150,the scale,levels,1
3151,systems,schemes,0
3152,engaged,be involved in,1
3153,would say,told,1
3154,politician,a political one,0
3155,importance,a major,1
3156,self-esteem,self-confidence,1
3157,monday 's,day,1
3158,noted that,mention,1
3160,countries in africa,africa,1
3164,relaxing,relaxed,1
3165,dust,debris,0
3167,involved,including,1
3168,christian,catholic,1
3169,chloe,'s chloe,0
3170,decision,decide,1
3172,strictly,carefully,1
3173,men,armed men,0
3174,the urgency,necessity,1
3176,hungry,'m hungry,1
3177,the liberty,freedom,1
3178,cornerstone,centerpiece,1
3179,"january 2006 ,",2006,1
3180,the 1970s,1970,1
3181,highest-level,high-level,1
3182,large,a big one,0
3184,would follow,would,1
3185,"occupation forces ,",occupation,1
3186,sheltered,conserved,1
3189,historically,a tradition,1
3191,the continued existence,persistent,1
3192,downtown,city hall,0
3193,storytelling,myth,0
3194,have been assessed,evaluated,1
3195,installed,installation,0
3196,kind of,almost,1
3197,repaired,rebuilt,0
3199,themselves,the men,1
3200,residential areas,residence,1
3201,gone down,decreasing,0
3202,widening,to grow,1
3205,scare,get scared,1
3206,one example,evidence,0
3207,young man,young,1
3208,scale,greatness,0
3209,tallest,largest,1
3210,mr alexander,alexander,1
3211,treasures,cherishes,1
3212,lexicon,dictionary,1
3213,ms. anderson,anderson,0
3214,they all,everybody,1
3217,steady,continued,0
3219,jacky,jackie,1
3221,will provide,given,1
3222,throat,the neck,1
3223,has reached,completed,1
3226,ninth,9th,1
3227,observing,are seeing,1
3228,gaps,deficits,0
3229,plenty,a huge amount,1
3231,them,that people,0
3233,supported,is favourable,1
3235,the opportunities,possibility,1
3236,weapons,armed,0
3237,new york,manhattan,0
3238,their mind,brains,1
3239,reused,reissued,0
3240,containers,cartons,1
3241,very happy,glad,0
3242,tenacious,persistent,1
3243,the cargo,shipments,1
3244,really glad,glad,1
3245,the wife,married,1
3246,one example,instances,0
3247,existed,continue to exist,0
3248,type,genus,0
3249,taiwanese,taiwan,1
3251,describing,defining,1
3252,pests,bees,1
3253,the crowds,public,0
3254,catches,captures,0
3256,that job,employment,0
3257,weak,is low,1
3258,recurring,periodically,0
3259,just as well,alike,1
3260,estate,building,1
3261,meantime,as currently,0
3262,very convenient,handy,1
3264,prey,game,1
3265,to buy,purchased,0
3266,going away,disappear,0
3267,one example,one,1
3268,identified,been known,1
3269,the united states,federal,0
3271,hawk,eagle,1
3272,rebound,backlash,0
3273,area,a site,0
3275,strucked,plagued,1
3276,boards,board,1
3277,nowadays,as of now,0
3279,zone,that region,1
3281,the vicinity,approximately,1
3285,was saying,mentioned,0
3286,are now,are,1
3287,pointed,noted that,0
3289,cesare,cesar,1
3290,forwarder,forward,1
3291,challenges,a hard time,1
3292,seize,kidnap,1
3293,the wilderness,desert,1
3295,seeks,asked for,1
3296,them,the men,0
3297,most useful,handy,1
3298,photos,a poster,0
3299,its goal,intention,0
3300,thrilled,really great,1
3301,freely,free of charge,0
3302,slams,shuts,1
3304,decline,are low,1
3305,self-worth,self-esteem,1
3306,my mother,momma,1
3307,dictionary,descriptive,0
3309,the scores,scoring,1
3310,goes through,continues,0
3312,nerves,brains,1
3313,mythical,myth,1
3314,secretly,secretely,1
3315,humming,hum,1
3317,challenge,a hard time,1
3318,florida,fla.,0
3321,contamination,contaminated soils,0
3322,the woman,mrs.,0
3323,overlooked,is forgotten,1
3326,preparing for,preparation,1
3328,join,catch up,0
3329,recreational facilities,recreational,1
3330,the boom,explosions,0
3331,the behavior,conducts,0
3332,criteria,conditions,1
3333,observers,observer status,0
3334,plains,floodplains,0
3335,closings,clasps,0
3337,old people,old,1
3339,zip,compressed,0
3340,the sands,sand,1
3341,pre-trial detention,custody,1
3342,crates,cartons,1
3344,extracts,collects,1
3346,unremitting,persistent,1
3347,refuse,opt out,0
3348,possible,i could,1
3349,union,the federation,0
3350,increases,adding to,1
3351,shuts,seals,0
3352,semen,donor semen,0
3353,models,alternative models,0
3354,shortfalls,its deficit,0
3355,current situation,conditions,1
3356,updating,update,1
3358,gale,blizzard,1
3359,musicians,bands,1
3360,will provide,provides,1
3361,wide-scale,large-scale,1
3362,downloading,'redownloading,0
3363,school buildings,buildings,1
3364,the rooms,room,1
3366,stimulate,attract,1
3367,wounded,injury,1
3368,to assist,aids,1
3369,discomfort,awkwardness,0
3371,receives,get them,1
3372,its existence,evidence,1
3373,the people,strangers,0
3374,zip,postcode,0
3376,quit,give up on,1
3377,the vehicles,automotive,0
3378,packages,kits,0
3381,location,a site,1
3382,annoying,angered,1
3383,the company 's,company,1
3384,sleeping,go to sleep,1
3385,cocoa,coco,1
3387,5.3 per cent,5.3,1
3388,resistance,backlash,1
3389,confiscated,been seized,1
3390,is applied,implemented,0
3394,the gulf,bay,1
3396,mri,imaging,0
3397,identifications,designation,1
3398,hungarian-language,hungarian,1
3400,goes through,approved,1
3401,modeling,business models,0
3402,witness,will see,1
3403,temptation,charm,1
3404,little,is low,1
3405,performed,acted upon,0
3406,belatedly,afterward,1
3407,mountainside,mountain,1
3408,portrayed,imagined,1
3409,southern lebanon,lebanon,1
3411,minister anderson,anderson,1
3412,sought out,pursued,0
3413,will provide,delivers,1
3414,more strongly,greater,1
3416,impress,convince,1
3417,universitaires,educators,1
3418,ruins,destroys,1
3419,the men,humans,0
3420,6.5 per cent,6.5,1
3421,subsidies,sponsors,1
3422,is defending,advocates,0
3423,diversity,diverse cultures,1
3424,grew,are increasing,0
3426,hives,a rash,1
3427,cautiously,carefully,1
3428,relatively small,relatively,0
3429,talent,knack,1
3430,her position,functions,0
3432,spikes,nails,1
3435,watercrafts,rafts,1
3436,drew up,created,1
3437,permit,made possible,1
3439,typhoon,the hurricane,1
3441,participating,be involved in,1
3442,"johannesburg , south africa ,",johannesburg,1
3443,has increased,enhanced,0
3444,centre-piece,centerpiece,1
3445,caught,being held,1
3446,worth,self-esteem,0
3447,storm,rage,1
3448,those services,divisions,0
3449,north america,americas,1
3451,unanimously,acting unanimously,1
3452,volunteering,volunteer,1
3453,the likelihood,possibly,1
3455,weekend,last weekend,1
3456,websites,a site,1
3457,the shooter,killer,1
3459,lunchroom,commissary,0
3460,secretly,quietly,1
3461,the executive,chief,1
3463,sector,area that,1
3464,recent developments,nowadays,1
3465,further discussion,debates,1
3466,raises,has increased,0
3467,inserted,adding to,1
3468,one or two,couple,0
3469,that people,everyone,0
3470,of,kind of,0
3471,the slide,decline,1
3472,thrilled,like it,1
3473,information,a brief,0
3474,pretty soon,almost,1
3475,creature,beast,1
3476,the goal,aim,0
3478,plane,helicopter,0
3479,north america,american,1
3480,that level,standard,0
3482,grand,a big one,1
3483,stopped,are done,0
3484,tracking down,tracked,1
3485,sleep it off,resting,1
3486,muffins,cupcakes,1
3487,ruins,debris,1
3489,one or two,one,1
3490,mondays,monday 's,1
3491,wounded,bloodied,1
3492,zip,zero,1
3493,nut,lost my mind,1
3495,invoke,evoke,1
3496,zip,be zero,1
3497,great,famously,0
3498,journalist,a reporter,1
3500,the lawyer,advocate,0
3501,saying that,commented,0
3502,officials,an officer,1
3503,mould,fungal,0
3504,differences,a gap,0
3506,grown,grow up,1
3507,era,century,1
3509,local,hometown,0
3511,truce,ceasefire,0
3512,economies,economic efficiency,1
3513,houses,buildings,0
3514,unskilled,uneducated,1
3515,fighting,fight back,0
3516,managing director,administrator,1
3517,analyzes,analyze,1
3518,st.,boulevard,0
3520,the company 's,business,0
3521,threatening,harming,1
3522,borrowing,acquiring,0
3523,actively,active participants,0
3524,watching,take a look at that,1
3525,go down,decline,0
3526,rising,going up,1
3527,is using,employ,0
3528,decision,agreed,1
3530,to grow,increase,0
3533,reduces,fewer,1
3534,computers,computerized systems,0
3535,expensive,cost-intensive,0
3537,centre,centerpiece,1
3538,skip,should be avoided,0
3539,conservation,be preserved,1
3541,lots,lawns,0
3542,frontrunner,forefront,1
3543,poster,posted,1
3547,the vessel,ship,1
3548,pin,fastener,0
3549,answered,answer those questions,1
3550,practiced,being complied with,0
3552,tall,a big one,0
3553,frozen solid,froze,1
3554,devoted,commited,1
3556,guardians,a guard,1
3557,researches,research findings,0
3558,grown-ups,elders,0
3559,values,believes,1
3560,defines,defined as,1
3561,masses,a pile,1
3562,to happen,occurred,0
3563,workforce,occupation,1
3564,is possible,can,1
3567,updating,renovating,0
3568,was falling,reduced,0
3569,modified,amend them,0
3571,permanently,definitively,0
3572,demonstrations,demonstrates,1
3573,calcium,ca,0
3575,time,the timing,0
3576,passed,goes through,1
3578,colombiana,colombian,1
3579,shadow,darkness,0
3580,add,accompanied by,0
3581,rushing,in a hurry,1
3582,markers,gauges,0
3583,researches,findings,1
3584,nowadays,here today,0
3585,formulating,developmental,1
3587,widely,all around,1
3589,thrilled,absolutely delighted,0
3590,chapters,a branch,1
3592,transmitting,be transferred,1
3593,that stuff,that,0
3596,functioning,are working,1
3597,the marine,navy,1
3599,pollution,contamination,0
3601,emergence,a way out,1
3602,increase,going up,1
3603,watching,to look at,1
3604,saturdays,last saturday,0
3605,the taiwan authorities,taiwanese,1
3608,reject,give up on,1
3610,preparing for,preparedness,0
3611,walk out,leave,1
3613,fibers,cables,1
3617,public housing estates,estate,1
3618,individuals,individually,1
3619,get them,acquire,0
3620,briefly,a brief,1
3621,schools,elementary school,0
3622,shuts,closed,1
3625,can win,beat,0
3626,the protection of,cover,1
3628,touched upon,outlined,1
3629,pork,meat,1
3630,tuition,charges,1
3631,sorts,groupings,0
3632,supplied,handed down,1
3633,launched,is released,1
3634,was denied,shunned,0
3635,multiply,adding to,1
3638,rescued,recovered,0
3639,matrimony,knot,1
3641,slowing down,slowed,0
3642,politician,policymaking,0
3644,the johannesburg summit,johannesburg,1
3646,the appeal,petitions,1
3647,desertification,desert,1
3648,seeking,intended to,0
3649,the agency,administration,0
3652,prom,ball,0
3653,in a car accident,crashed,1
3654,young man,junior,0
3655,the land,mainland,0
3656,the studies,researching,0
3657,the executive,governors,1
3658,increase,further increases,0
3659,governors,a president,1
3660,hectic,cluttered,0
3661,stated,saying that,1
3663,the little,few,1
3664,era,a period,1
3665,opposed,disapproved,1
3666,greatly,famously,1
3668,proposing,are offering,1
3669,st.,sainte,1
3670,confiscated,be seized,1
3671,refugees,aliens,1
3672,the appeal,hearing,1
3674,shocked,amazed,1
3675,3.30,3.3,1
3676,6th,6:00,0
3677,our businesses,industries,0
3678,the weekend,saturdays,1
3679,its population,australians,1
3681,belt,band,0
3683,1957th,1957,1
3684,relatively small,limited,1
3685,waiting for,expects,1
3686,very few,few,1
3687,was rejected,shunned,0
3688,to assist,support,1
3689,tides,swells,1
3690,the lebanese,lebanon,1
3691,publish,is released,0
3692,the purchase,shopping,1
3694,increase,has been growing,1
3696,weekend,day,1
3698,shunned,should be rejected,1
3699,bills,a note,0
3700,the customer,buyer,1
3701,public deficits,deficits,1
3702,myriam,miriam,1
3703,scrambled,jammed,1
3704,relieve,cushion,1
3706,the pills,tablets,0
3707,canada,a canadian,0
3708,turned back,reverse,0
3710,the inquiry,researches,1
3711,evolutionary,developmental,1
3712,amazed,'s quite a ... ... surprise,0
3713,the convict,offenders,0
3714,rampant,prevalent,1
3715,discussions,discuss the issue,1
3716,custody,childcare,1
3717,the washer,machines,0
3718,treasures,assets,1
3719,measures,efforts,1
3720,increase,advancing,0
3722,photo,a poster,0
3724,waiting,queue,0
3725,subsidies,allowance,1
3726,the strong,powerful,1
3727,promoters,presenters,1
3728,was saying,tell,1
3730,imagined,envisioned,0
3732,rose,has increased,0
3733,normally,most cases,0
3734,skip,jumping,1
3735,kid,a young age,0
3736,valued,treasured,0
3737,thinks,'ve been thinking,0
3738,smaller,fewer,1
3739,trend,path,1
3740,snapped,lost your marbles,0
3741,observers,observer states,0
3742,highest,expensive,0
3745,rampant,chronic,1
3746,the eruption,outbreaks,1
3748,possibly,made possible,0
3751,hungary 's,hungarian,1
3752,the stress,tensions,0
3753,households,canadian households,0
3754,saintly,sacred,1
3756,the bombs,missile,0
